Indice,Method,r,Target,Paper_ID
RT,First-Second,0.48128,Friend,P0E1
RT,Odd-Even,0.6194,Friend,P0E1
RT,Permuted,0.58548,Friend,P0E1
ACC,First-Second,0.22219,Friend,P0E1
ACC,Odd-Even,0.27426,Friend,P0E1
ACC,Permuted,0.25814,Friend,P0E1
Dprime,First-Second,0.27483,Friend,P0E1
Dprime,Odd-Even,0.19092,Friend,P0E1
Dprime,Permuted,0.25043,Friend,P0E1
Efficiency,First-Second,0.25339,Friend,P0E1
Efficiency,Odd-Even,0.29208,Friend,P0E1
Efficiency,Permuted,0.26301,Friend,P0E1
ezDDM: v,First-Second,0.27235,Friend,P0E1
ezDDM: v,Odd-Even,0.26029,Friend,P0E1
ezDDM: v,Permuted,0.25652,Friend,P0E1
ezDDM: z,First-Second,-0.05324,Friend,P0E1
ezDDM: z,Odd-Even,0.13118,Friend,P0E1
ezDDM: z,Permuted,-0.04053,Friend,P0E1
RT,First-Second,0.60209,Stranger,P0E1
RT,Odd-Even,0.69586,Stranger,P0E1
RT,Permuted,0.61869,Stranger,P0E1
ACC,First-Second,0.27098,Stranger,P0E1
ACC,Odd-Even,0.33733,Stranger,P0E1
ACC,Permuted,0.46651,Stranger,P0E1
Dprime,First-Second,0.23419,Stranger,P0E1
Dprime,Odd-Even,0.22917,Stranger,P0E1
Dprime,Permuted,0.20767,Stranger,P0E1
Efficiency,First-Second,0.26707,Stranger,P0E1
Efficiency,Odd-Even,0.31145,Stranger,P0E1
Efficiency,Permuted,0.26661,Stranger,P0E1
ezDDM: v,First-Second,0.27901,Stranger,P0E1
ezDDM: v,Odd-Even,0.34947,Stranger,P0E1
ezDDM: v,Permuted,0.41165,Stranger,P0E1
ezDDM: z,First-Second,0.07289,Stranger,P0E1
ezDDM: z,Odd-Even,0.03883,Stranger,P0E1
ezDDM: z,Permuted,0.08606,Stranger,P0E1
RT,First-Second,0.45421,Partner,P6E1
RT,Odd-Even,0.30899,Partner,P6E1
RT,Permuted,0.41209,Partner,P6E1
ACC,First-Second,0.16183,Partner,P6E1
ACC,Odd-Even,0.37822,Partner,P6E1
ACC,Permuted,0.32462,Partner,P6E1
Dprime,First-Second,0.01915,Partner,P6E1
Dprime,Odd-Even,0.19372,Partner,P6E1
Dprime,Permuted,0.27208,Partner,P6E1
Efficiency,First-Second,0.05643,Partner,P6E1
Efficiency,Odd-Even,0.14488,Partner,P6E1
Efficiency,Permuted,0.15554,Partner,P6E1
ezDDM: v,First-Second,0.13328,Partner,P6E1
ezDDM: v,Odd-Even,0.34558,Partner,P6E1
ezDDM: v,Permuted,0.25331,Partner,P6E1
ezDDM: z,First-Second,-0.00872,Partner,P6E1
ezDDM: z,Odd-Even,0.08463,Partner,P6E1
ezDDM: z,Permuted,0.06502,Partner,P6E1
RT,First-Second,0.34939,Stranger,P6E1
RT,Odd-Even,0.34473,Stranger,P6E1
RT,Permuted,0.35725,Stranger,P6E1
ACC,First-Second,0.34612,Stranger,P6E1
ACC,Odd-Even,0.55774,Stranger,P6E1
ACC,Permuted,0.44731,Stranger,P6E1
Dprime,First-Second,0.18686,Stranger,P6E1
Dprime,Odd-Even,0.36536,Stranger,P6E1
Dprime,Permuted,0.34435,Stranger,P6E1
Efficiency,First-Second,0.05589,Stranger,P6E1
Efficiency,Odd-Even,0.15568,Stranger,P6E1
Efficiency,Permuted,0.22877,Stranger,P6E1
ezDDM: v,First-Second,0.21546,Stranger,P6E1
ezDDM: v,Odd-Even,0.40872,Stranger,P6E1
ezDDM: v,Permuted,0.37285,Stranger,P6E1
ezDDM: z,First-Second,-0.06607,Stranger,P6E1
ezDDM: z,Odd-Even,0.07436,Stranger,P6E1
ezDDM: z,Permuted,0.00926,Stranger,P6E1
RT,First-Second,0.5283,Stranger,P46E2
RT,Odd-Even,0.67755,Stranger,P46E2
RT,Permuted,0.57001,Stranger,P46E2
ACC,First-Second,0.36348,Stranger,P46E2
ACC,Odd-Even,0.31471,Stranger,P46E2
ACC,Permuted,0.37424,Stranger,P46E2
Dprime,First-Second,0.08383,Stranger,P46E2
Dprime,Odd-Even,0.14702,Stranger,P46E2
Dprime,Permuted,0.21228,Stranger,P46E2
Efficiency,First-Second,0.06897,Stranger,P46E2
Efficiency,Odd-Even,0.06578,Stranger,P46E2
Efficiency,Permuted,0.01113,Stranger,P46E2
ezDDM: v,First-Second,0.23125,Stranger,P46E2
ezDDM: v,Odd-Even,0.20581,Stranger,P46E2
ezDDM: v,Permuted,0.29617,Stranger,P46E2
ezDDM: z,First-Second,0.05093,Stranger,P46E2
ezDDM: z,Odd-Even,0.24441,Stranger,P46E2
ezDDM: z,Permuted,0.18992,Stranger,P46E2
RT,First-Second,0.46894,Celebrity,P51E1
RT,Odd-Even,0.44271,Celebrity,P51E1
RT,Permuted,0.508,Celebrity,P51E1
ACC,First-Second,0.32634,Celebrity,P51E1
ACC,Odd-Even,0.33191,Celebrity,P51E1
ACC,Permuted,0.3745,Celebrity,P51E1
Dprime,First-Second,0.13141,Celebrity,P51E1
Dprime,Odd-Even,0.17328,Celebrity,P51E1
Dprime,Permuted,0.12685,Celebrity,P51E1
Efficiency,First-Second,0.02668,Celebrity,P51E1
Efficiency,Odd-Even,0.11325,Celebrity,P51E1
Efficiency,Permuted,0.10938,Celebrity,P51E1
ezDDM: v,First-Second,0.29588,Celebrity,P51E1
ezDDM: v,Odd-Even,0.39316,Celebrity,P51E1
ezDDM: v,Permuted,0.43488,Celebrity,P51E1
ezDDM: z,First-Second,0.0028,Celebrity,P51E1
ezDDM: z,Odd-Even,-0.06285,Celebrity,P51E1
ezDDM: z,Permuted,-0.03369,Celebrity,P51E1
RT,First-Second,0.41827,Stranger,P51E1
RT,Odd-Even,0.56875,Stranger,P51E1
RT,Permuted,0.42182,Stranger,P51E1
ACC,First-Second,0.38495,Stranger,P51E1
ACC,Odd-Even,0.36495,Stranger,P51E1
ACC,Permuted,0.40098,Stranger,P51E1
Dprime,First-Second,0.04559,Stranger,P51E1
Dprime,Odd-Even,0.19892,Stranger,P51E1
Dprime,Permuted,0.19903,Stranger,P51E1
Efficiency,First-Second,0.10773,Stranger,P51E1
Efficiency,Odd-Even,0.09922,Stranger,P51E1
Efficiency,Permuted,0.1037,Stranger,P51E1
ezDDM: v,First-Second,0.37888,Stranger,P51E1
ezDDM: v,Odd-Even,0.44778,Stranger,P51E1
ezDDM: v,Permuted,0.39011,Stranger,P51E1
ezDDM: z,First-Second,-0.08037,Stranger,P51E1
ezDDM: z,Odd-Even,-0.01619,Stranger,P51E1
ezDDM: z,Permuted,0.15858,Stranger,P51E1
RT,First-Second,0.53484,Celebrity,P51E2
RT,Odd-Even,0.64275,Celebrity,P51E2
RT,Permuted,0.3858,Celebrity,P51E2
ACC,First-Second,-0.0973,Celebrity,P51E2
ACC,Odd-Even,0.23318,Celebrity,P51E2
ACC,Permuted,0.15988,Celebrity,P51E2
Dprime,First-Second,0.15193,Celebrity,P51E2
Dprime,Odd-Even,0.48419,Celebrity,P51E2
Dprime,Permuted,0.2839,Celebrity,P51E2
Efficiency,First-Second,0.09262,Celebrity,P51E2
Efficiency,Odd-Even,0.15689,Celebrity,P51E2
Efficiency,Permuted,0.11545,Celebrity,P51E2
ezDDM: v,First-Second,-0.24973,Celebrity,P51E2
ezDDM: v,Odd-Even,0.2145,Celebrity,P51E2
ezDDM: v,Permuted,0.12002,Celebrity,P51E2
ezDDM: z,First-Second,-0.254,Celebrity,P51E2
ezDDM: z,Odd-Even,-0.11663,Celebrity,P51E2
ezDDM: z,Permuted,0.17964,Celebrity,P51E2
RT,First-Second,0.47902,Acquaintance,P54E1
RT,Odd-Even,0.29496,Acquaintance,P54E1
RT,Permuted,-0.00298,Acquaintance,P54E1
ACC,First-Second,0.13627,Acquaintance,P54E1
ACC,Odd-Even,0.05282,Acquaintance,P54E1
ACC,Permuted,0.12862,Acquaintance,P54E1
Dprime,First-Second,0.02483,Acquaintance,P54E1
Dprime,Odd-Even,-0.10225,Acquaintance,P54E1
Dprime,Permuted,0.1404,Acquaintance,P54E1
Efficiency,First-Second,-0.0155,Acquaintance,P54E1
Efficiency,Odd-Even,0.04302,Acquaintance,P54E1
Efficiency,Permuted,-0.05697,Acquaintance,P54E1
ezDDM: v,First-Second,0.07758,Acquaintance,P54E1
ezDDM: v,Odd-Even,0.15647,Acquaintance,P54E1
ezDDM: v,Permuted,0.00427,Acquaintance,P54E1
ezDDM: z,First-Second,0.08491,Acquaintance,P54E1
ezDDM: z,Odd-Even,0.19897,Acquaintance,P54E1
ezDDM: z,Permuted,-0.14376,Acquaintance,P54E1
RT,First-Second,-0.07666,Mother,P54E1
RT,Odd-Even,-0.19701,Mother,P54E1
RT,Permuted,0.43296,Mother,P54E1
ACC,First-Second,-0.12386,Mother,P54E1
ACC,Odd-Even,-0.07351,Mother,P54E1
ACC,Permuted,0.16685,Mother,P54E1
Dprime,First-Second,-0.04164,Mother,P54E1
Dprime,Odd-Even,0.08022,Mother,P54E1
Dprime,Permuted,0.25968,Mother,P54E1
Efficiency,First-Second,0.33611,Mother,P54E1
Efficiency,Odd-Even,0.00122,Mother,P54E1
Efficiency,Permuted,-0.14666,Mother,P54E1
ezDDM: v,First-Second,0.0032,Mother,P54E1
ezDDM: v,Odd-Even,0.22123,Mother,P54E1
ezDDM: v,Permuted,0.03585,Mother,P54E1
ezDDM: z,First-Second,0.43319,Mother,P54E1
ezDDM: z,Odd-Even,0.16692,Mother,P54E1
ezDDM: z,Permuted,0.28295,Mother,P54E1
RT,First-Second,-0.24983,none,P54E1
RT,Odd-Even,0.49881,none,P54E1
RT,Permuted,-0.39047,none,P54E1
ACC,First-Second,0.06864,none,P54E1
ACC,Odd-Even,0.23869,none,P54E1
ACC,Permuted,0.24765,none,P54E1
Dprime,First-Second,-0.21865,none,P54E1
Dprime,Odd-Even,-0.18408,none,P54E1
Dprime,Permuted,0.13013,none,P54E1
Efficiency,First-Second,-0.03038,none,P54E1
Efficiency,Odd-Even,-0.06591,none,P54E1
Efficiency,Permuted,0.11331,none,P54E1
ezDDM: v,First-Second,0.14599,none,P54E1
ezDDM: v,Odd-Even,0.33492,none,P54E1
ezDDM: v,Permuted,0.25756,none,P54E1
ezDDM: z,First-Second,-0.00257,none,P54E1
ezDDM: z,Odd-Even,0.08559,none,P54E1
ezDDM: z,Permuted,-0.06109,none,P54E1
RT,First-Second,0.0949,Acquaintance,P54E3
RT,Odd-Even,0.20126,Acquaintance,P54E3
RT,Permuted,0.33831,Acquaintance,P54E3
ACC,First-Second,0.1532,Acquaintance,P54E3
ACC,Odd-Even,0.23068,Acquaintance,P54E3
ACC,Permuted,0.12398,Acquaintance,P54E3
Dprime,First-Second,0.22282,Acquaintance,P54E3
Dprime,Odd-Even,0.1871,Acquaintance,P54E3
Dprime,Permuted,0.12913,Acquaintance,P54E3
Efficiency,First-Second,0.25276,Acquaintance,P54E3
Efficiency,Odd-Even,0.42044,Acquaintance,P54E3
Efficiency,Permuted,0.31439,Acquaintance,P54E3
ezDDM: v,First-Second,-0.22256,Acquaintance,P54E3
ezDDM: v,Odd-Even,-0.1638,Acquaintance,P54E3
ezDDM: v,Permuted,-0.13361,Acquaintance,P54E3
ezDDM: z,First-Second,0.03717,Acquaintance,P54E3
ezDDM: z,Odd-Even,0.10838,Acquaintance,P54E3
ezDDM: z,Permuted,0.11536,Acquaintance,P54E3
RT,First-Second,-0.23357,Mother,P54E3
RT,Odd-Even,0.1031,Mother,P54E3
RT,Permuted,-0.21311,Mother,P54E3
ACC,First-Second,0.05374,Mother,P54E3
ACC,Odd-Even,-0.01582,Mother,P54E3
ACC,Permuted,0.16874,Mother,P54E3
Dprime,First-Second,0.3601,Mother,P54E3
Dprime,Odd-Even,0.35765,Mother,P54E3
Dprime,Permuted,0.22044,Mother,P54E3
Efficiency,First-Second,0.08173,Mother,P54E3
Efficiency,Odd-Even,0.01624,Mother,P54E3
Efficiency,Permuted,0.03532,Mother,P54E3
ezDDM: v,First-Second,-0.20083,Mother,P54E3
ezDDM: v,Odd-Even,-0.38895,Mother,P54E3
ezDDM: v,Permuted,0.0248,Mother,P54E3
ezDDM: z,First-Second,-0.30878,Mother,P54E3
ezDDM: z,Odd-Even,0.01145,Mother,P54E3
ezDDM: z,Permuted,-0.49056,Mother,P54E3
RT,First-Second,0.14858,Friend,P95E1
RT,Odd-Even,0.27104,Friend,P95E1
RT,Permuted,0.39751,Friend,P95E1
ACC,First-Second,-0.16765,Friend,P95E1
ACC,Odd-Even,0.20874,Friend,P95E1
ACC,Permuted,0.12014,Friend,P95E1
Dprime,First-Second,-0.01375,Friend,P95E1
Dprime,Odd-Even,0.10191,Friend,P95E1
Dprime,Permuted,0.243,Friend,P95E1
Efficiency,First-Second,0.15103,Friend,P95E1
Efficiency,Odd-Even,0.11551,Friend,P95E1
Efficiency,Permuted,0.17711,Friend,P95E1
ezDDM: v,First-Second,0.05586,Friend,P95E1
ezDDM: v,Odd-Even,0.16605,Friend,P95E1
ezDDM: v,Permuted,0.19647,Friend,P95E1
ezDDM: z,First-Second,-0.11025,Friend,P95E1
ezDDM: z,Odd-Even,0.21659,Friend,P95E1
ezDDM: z,Permuted,0.11659,Friend,P95E1
RT,First-Second,0.41892,Stranger,P95E1
RT,Odd-Even,0.56674,Stranger,P95E1
RT,Permuted,0.61855,Stranger,P95E1
ACC,First-Second,-0.05922,Stranger,P95E1
ACC,Odd-Even,-0.15529,Stranger,P95E1
ACC,Permuted,-0.21199,Stranger,P95E1
Dprime,First-Second,0.10606,Stranger,P95E1
Dprime,Odd-Even,0.10003,Stranger,P95E1
Dprime,Permuted,0.16463,Stranger,P95E1
Efficiency,First-Second,0.28368,Stranger,P95E1
Efficiency,Odd-Even,0.33915,Stranger,P95E1
Efficiency,Permuted,0.34213,Stranger,P95E1
ezDDM: v,First-Second,0.47608,Stranger,P95E1
ezDDM: v,Odd-Even,0.4493,Stranger,P95E1
ezDDM: v,Permuted,0.16432,Stranger,P95E1
ezDDM: z,First-Second,-0.07493,Stranger,P95E1
ezDDM: z,Odd-Even,-0.0831,Stranger,P95E1
ezDDM: z,Permuted,0.04935,Stranger,P95E1
RT,First-Second,0.62562,Friend,P95E2
RT,Odd-Even,0.41892,Friend,P95E2
RT,Permuted,0.17751,Friend,P95E2
ACC,First-Second,0.09973,Friend,P95E2
ACC,Odd-Even,0.41109,Friend,P95E2
ACC,Permuted,0.23866,Friend,P95E2
Dprime,First-Second,-0.3412,Friend,P95E2
Dprime,Odd-Even,-0.07315,Friend,P95E2
Dprime,Permuted,-0.12003,Friend,P95E2
Efficiency,First-Second,0.03944,Friend,P95E2
Efficiency,Odd-Even,0.05212,Friend,P95E2
Efficiency,Permuted,0.06553,Friend,P95E2
ezDDM: v,First-Second,0.30801,Friend,P95E2
ezDDM: v,Odd-Even,0.32156,Friend,P95E2
ezDDM: v,Permuted,0.11723,Friend,P95E2
ezDDM: z,First-Second,0.18564,Friend,P95E2
ezDDM: z,Odd-Even,0.20064,Friend,P95E2
ezDDM: z,Permuted,-0.01264,Friend,P95E2
RT,First-Second,0.42938,Stranger,P95E2
RT,Odd-Even,0.71436,Stranger,P95E2
RT,Permuted,0.67497,Stranger,P95E2
ACC,First-Second,0.27166,Stranger,P95E2
ACC,Odd-Even,0.30157,Stranger,P95E2
ACC,Permuted,0.38066,Stranger,P95E2
Dprime,First-Second,0.07883,Stranger,P95E2
Dprime,Odd-Even,-0.16387,Stranger,P95E2
Dprime,Permuted,-0.15498,Stranger,P95E2
Efficiency,First-Second,0.1636,Stranger,P95E2
Efficiency,Odd-Even,0.25509,Stranger,P95E2
Efficiency,Permuted,0.09846,Stranger,P95E2
ezDDM: v,First-Second,0.33288,Stranger,P95E2
ezDDM: v,Odd-Even,0.63723,Stranger,P95E2
ezDDM: v,Permuted,0.39049,Stranger,P95E2
ezDDM: z,First-Second,-0.01365,Stranger,P95E2
ezDDM: z,Odd-Even,-0.09133,Stranger,P95E2
ezDDM: z,Permuted,0.08356,Stranger,P95E2
RT,First-Second,0.4342,Friend,Pn4E1
RT,Odd-Even,0.02782,Friend,Pn4E1
RT,Permuted,0.53613,Friend,Pn4E1
ACC,First-Second,0.31418,Friend,Pn4E1
ACC,Odd-Even,-0.08412,Friend,Pn4E1
ACC,Permuted,0.33942,Friend,Pn4E1
Dprime,First-Second,0.35554,Friend,Pn4E1
Dprime,Odd-Even,0.38642,Friend,Pn4E1
Dprime,Permuted,0.46104,Friend,Pn4E1
Efficiency,First-Second,0.06508,Friend,Pn4E1
Efficiency,Odd-Even,0.2258,Friend,Pn4E1
Efficiency,Permuted,0.20236,Friend,Pn4E1
ezDDM: v,First-Second,0.19617,Friend,Pn4E1
ezDDM: v,Odd-Even,0.20532,Friend,Pn4E1
ezDDM: v,Permuted,0.30465,Friend,Pn4E1
ezDDM: z,First-Second,0.37393,Friend,Pn4E1
ezDDM: z,Odd-Even,0.33241,Friend,Pn4E1
ezDDM: z,Permuted,0.50495,Friend,Pn4E1
RT,First-Second,0.38739,Stranger,Pn4E1
RT,Odd-Even,-0.12083,Stranger,Pn4E1
RT,Permuted,0.06297,Stranger,Pn4E1
ACC,First-Second,0.19835,Stranger,Pn4E1
ACC,Odd-Even,0.23278,Stranger,Pn4E1
ACC,Permuted,0.59006,Stranger,Pn4E1
Dprime,First-Second,0.11714,Stranger,Pn4E1
Dprime,Odd-Even,0.28893,Stranger,Pn4E1
Dprime,Permuted,0.53606,Stranger,Pn4E1
Efficiency,First-Second,0.16127,Stranger,Pn4E1
Efficiency,Odd-Even,0.06853,Stranger,Pn4E1
Efficiency,Permuted,0.16922,Stranger,Pn4E1
ezDDM: v,First-Second,0.00366,Stranger,Pn4E1
ezDDM: v,Odd-Even,0.26843,Stranger,Pn4E1
ezDDM: v,Permuted,0.42247,Stranger,Pn4E1
ezDDM: z,First-Second,0.07716,Stranger,Pn4E1
ezDDM: z,Odd-Even,0.36882,Stranger,Pn4E1
ezDDM: z,Permuted,0.28605,Stranger,Pn4E1
RT,First-Second,0.33218,Friend,Pn13E1
RT,Odd-Even,0.63842,Friend,Pn13E1
RT,Permuted,0.56227,Friend,Pn13E1
ACC,First-Second,-0.07873,Friend,Pn13E1
ACC,Odd-Even,0.19862,Friend,Pn13E1
ACC,Permuted,0.19257,Friend,Pn13E1
Dprime,First-Second,0.45493,Friend,Pn13E1
Dprime,Odd-Even,0.25644,Friend,Pn13E1
Dprime,Permuted,0.35117,Friend,Pn13E1
Efficiency,First-Second,0.02867,Friend,Pn13E1
Efficiency,Odd-Even,0.10367,Friend,Pn13E1
Efficiency,Permuted,0.06908,Friend,Pn13E1
ezDDM: v,First-Second,0.32543,Friend,Pn13E1
ezDDM: v,Odd-Even,0.14065,Friend,Pn13E1
ezDDM: v,Permuted,0.48088,Friend,Pn13E1
ezDDM: z,First-Second,-0.33973,Friend,Pn13E1
ezDDM: z,Odd-Even,0.31753,Friend,Pn13E1
ezDDM: z,Permuted,-0.20732,Friend,Pn13E1
RT,First-Second,0.64023,Stranger,Pn13E1
RT,Odd-Even,0.79412,Stranger,Pn13E1
RT,Permuted,0.72786,Stranger,Pn13E1
ACC,First-Second,0.69119,Stranger,Pn13E1
ACC,Odd-Even,0.90072,Stranger,Pn13E1
ACC,Permuted,0.49219,Stranger,Pn13E1
Dprime,First-Second,0.34848,Stranger,Pn13E1
Dprime,Odd-Even,0.66011,Stranger,Pn13E1
Dprime,Permuted,0.36331,Stranger,Pn13E1
Efficiency,First-Second,0.2341,Stranger,Pn13E1
Efficiency,Odd-Even,0.26693,Stranger,Pn13E1
Efficiency,Permuted,0.2169,Stranger,Pn13E1
ezDDM: v,First-Second,0.62983,Stranger,Pn13E1
ezDDM: v,Odd-Even,0.65766,Stranger,Pn13E1
ezDDM: v,Permuted,0.38662,Stranger,Pn13E1
ezDDM: z,First-Second,0.41122,Stranger,Pn13E1
ezDDM: z,Odd-Even,0.37916,Stranger,Pn13E1
ezDDM: z,Permuted,0.29165,Stranger,Pn13E1
RT,First-Second,0.5763,Father,Pn13E3
RT,Odd-Even,0.69674,Father,Pn13E3
RT,Permuted,0.74917,Father,Pn13E3
ACC,First-Second,0.38033,Father,Pn13E3
ACC,Odd-Even,0.0647,Father,Pn13E3
ACC,Permuted,0.04382,Father,Pn13E3
Dprime,First-Second,0.30665,Father,Pn13E3
Dprime,Odd-Even,0.54989,Father,Pn13E3
Dprime,Permuted,0.2879,Father,Pn13E3
Efficiency,First-Second,0.33051,Father,Pn13E3
Efficiency,Odd-Even,0.27822,Father,Pn13E3
Efficiency,Permuted,0.29151,Father,Pn13E3
ezDDM: v,First-Second,0.25655,Father,Pn13E3
ezDDM: v,Odd-Even,0.27088,Father,Pn13E3
ezDDM: v,Permuted,-0.01411,Father,Pn13E3
ezDDM: z,First-Second,-0.04708,Father,Pn13E3
ezDDM: z,Odd-Even,0.03217,Father,Pn13E3
ezDDM: z,Permuted,0.1616,Father,Pn13E3
RT,First-Second,0.69427,Stranger,Pn13E3
RT,Odd-Even,0.63452,Stranger,Pn13E3
RT,Permuted,0.50935,Stranger,Pn13E3
ACC,First-Second,0.31558,Stranger,Pn13E3
ACC,Odd-Even,0.44134,Stranger,Pn13E3
ACC,Permuted,0.60181,Stranger,Pn13E3
Dprime,First-Second,0.11279,Stranger,Pn13E3
Dprime,Odd-Even,0.46607,Stranger,Pn13E3
Dprime,Permuted,0.31234,Stranger,Pn13E3
Efficiency,First-Second,0.18776,Stranger,Pn13E3
Efficiency,Odd-Even,0.30001,Stranger,Pn13E3
Efficiency,Permuted,0.06581,Stranger,Pn13E3
ezDDM: v,First-Second,0.17298,Stranger,Pn13E3
ezDDM: v,Odd-Even,0.60591,Stranger,Pn13E3
ezDDM: v,Permuted,0.4326,Stranger,Pn13E3
ezDDM: z,First-Second,0.08131,Stranger,Pn13E3
ezDDM: z,Odd-Even,0.08834,Stranger,Pn13E3
ezDDM: z,Permuted,0.23327,Stranger,Pn13E3
RT,First-Second,0.37664,Friend,Pn13E4
RT,Odd-Even,0.28775,Friend,Pn13E4
RT,Permuted,0.36749,Friend,Pn13E4
ACC,First-Second,0.57618,Friend,Pn13E4
ACC,Odd-Even,0.69521,Friend,Pn13E4
ACC,Permuted,0.37042,Friend,Pn13E4
Dprime,First-Second,0.48782,Friend,Pn13E4
Dprime,Odd-Even,0.41025,Friend,Pn13E4
Dprime,Permuted,0.16835,Friend,Pn13E4
Efficiency,First-Second,0.1192,Friend,Pn13E4
Efficiency,Odd-Even,0.1869,Friend,Pn13E4
Efficiency,Permuted,0.19564,Friend,Pn13E4
ezDDM: v,First-Second,0.40234,Friend,Pn13E4
ezDDM: v,Odd-Even,0.48053,Friend,Pn13E4
ezDDM: v,Permuted,0.35549,Friend,Pn13E4
ezDDM: z,First-Second,-0.04426,Friend,Pn13E4
ezDDM: z,Odd-Even,-0.02378,Friend,Pn13E4
ezDDM: z,Permuted,-0.23555,Friend,Pn13E4
RT,First-Second,0.56435,Stranger,Pn13E4
RT,Odd-Even,0.42274,Stranger,Pn13E4
RT,Permuted,0.22296,Stranger,Pn13E4
ACC,First-Second,0.03353,Stranger,Pn13E4
ACC,Odd-Even,0.56498,Stranger,Pn13E4
ACC,Permuted,-0.09135,Stranger,Pn13E4
Dprime,First-Second,-0.13151,Stranger,Pn13E4
Dprime,Odd-Even,0.25748,Stranger,Pn13E4
Dprime,Permuted,-0.14484,Stranger,Pn13E4
Efficiency,First-Second,0.1458,Stranger,Pn13E4
Efficiency,Odd-Even,0.1823,Stranger,Pn13E4
Efficiency,Permuted,0.01344,Stranger,Pn13E4
ezDDM: v,First-Second,0.00801,Stranger,Pn13E4
ezDDM: v,Odd-Even,0.63744,Stranger,Pn13E4
ezDDM: v,Permuted,0.14218,Stranger,Pn13E4
ezDDM: z,First-Second,0.01718,Stranger,Pn13E4
ezDDM: z,Odd-Even,0.30015,Stranger,Pn13E4
ezDDM: z,Permuted,-0.1559,Stranger,Pn13E4
RT,First-Second,-0.17309,Friend,Pn16E1
RT,Odd-Even,0.26439,Friend,Pn16E1
RT,Permuted,0.21925,Friend,Pn16E1
ACC,First-Second,0.34497,Friend,Pn16E1
ACC,Odd-Even,0.45657,Friend,Pn16E1
ACC,Permuted,0.58404,Friend,Pn16E1
Dprime,First-Second,0.03049,Friend,Pn16E1
Dprime,Odd-Even,0.50626,Friend,Pn16E1
Dprime,Permuted,0.45841,Friend,Pn16E1
Efficiency,First-Second,-0.10819,Friend,Pn16E1
Efficiency,Odd-Even,0.15913,Friend,Pn16E1
Efficiency,Permuted,0.19936,Friend,Pn16E1
ezDDM: v,First-Second,0.25882,Friend,Pn16E1
ezDDM: v,Odd-Even,0.47783,Friend,Pn16E1
ezDDM: v,Permuted,0.53385,Friend,Pn16E1
ezDDM: z,First-Second,0.43931,Friend,Pn16E1
ezDDM: z,Odd-Even,0.24034,Friend,Pn16E1
ezDDM: z,Permuted,0.07386,Friend,Pn16E1
RT,First-Second,-0.00251,Friend,Pn16E2
RT,Odd-Even,0.78172,Friend,Pn16E2
RT,Permuted,0.72464,Friend,Pn16E2
ACC,First-Second,-0.17558,Friend,Pn16E2
ACC,Odd-Even,0.77883,Friend,Pn16E2
ACC,Permuted,0.3583,Friend,Pn16E2
Dprime,First-Second,-0.52416,Friend,Pn16E2
Dprime,Odd-Even,0.47717,Friend,Pn16E2
Dprime,Permuted,0.40478,Friend,Pn16E2
Efficiency,First-Second,-0.26524,Friend,Pn16E2
Efficiency,Odd-Even,0.23594,Friend,Pn16E2
Efficiency,Permuted,0.17561,Friend,Pn16E2
ezDDM: v,First-Second,-0.20891,Friend,Pn16E2
ezDDM: v,Odd-Even,0.75584,Friend,Pn16E2
ezDDM: v,Permuted,0.43036,Friend,Pn16E2
ezDDM: z,First-Second,0.00777,Friend,Pn16E2
ezDDM: z,Odd-Even,0.0794,Friend,Pn16E2
ezDDM: z,Permuted,0.12587,Friend,Pn16E2
RT,First-Second,0.20446,Friend,Pn16E3
RT,Odd-Even,0.71056,Friend,Pn16E3
RT,Permuted,0.67619,Friend,Pn16E3
ACC,First-Second,-0.03399,Friend,Pn16E3
ACC,Odd-Even,0.9826,Friend,Pn16E3
ACC,Permuted,0.79845,Friend,Pn16E3
Dprime,First-Second,-0.2364,Friend,Pn16E3
Dprime,Odd-Even,0.97959,Friend,Pn16E3
Dprime,Permuted,0.62635,Friend,Pn16E3
Efficiency,First-Second,-0.04259,Friend,Pn16E3
Efficiency,Odd-Even,-0.04962,Friend,Pn16E3
Efficiency,Permuted,-0.08843,Friend,Pn16E3
ezDDM: v,First-Second,-0.10109,Friend,Pn16E3
ezDDM: v,Odd-Even,0.92441,Friend,Pn16E3
ezDDM: v,Permuted,0.71162,Friend,Pn16E3
ezDDM: z,First-Second,0.1756,Friend,Pn16E3
ezDDM: z,Odd-Even,0.80269,Friend,Pn16E3
ezDDM: z,Permuted,0.48939,Friend,Pn16E3
RT,First-Second,0.71118,Friend,Pn23E1
RT,Odd-Even,0.76657,Friend,Pn23E1
RT,Permuted,0.80671,Friend,Pn23E1
ACC,First-Second,0.43556,Friend,Pn23E1
ACC,Odd-Even,0.61288,Friend,Pn23E1
ACC,Permuted,0.62278,Friend,Pn23E1
Dprime,First-Second,0.44539,Friend,Pn23E1
Dprime,Odd-Even,0.51696,Friend,Pn23E1
Dprime,Permuted,0.57681,Friend,Pn23E1
Efficiency,First-Second,0.1817,Friend,Pn23E1
Efficiency,Odd-Even,0.26804,Friend,Pn23E1
Efficiency,Permuted,0.25215,Friend,Pn23E1
ezDDM: v,First-Second,0.486,Friend,Pn23E1
ezDDM: v,Odd-Even,0.66362,Friend,Pn23E1
ezDDM: v,Permuted,0.6464,Friend,Pn23E1
ezDDM: z,First-Second,0.08063,Friend,Pn23E1
ezDDM: z,Odd-Even,0.2988,Friend,Pn23E1
ezDDM: z,Permuted,0.09899,Friend,Pn23E1
RT,First-Second,0.81864,Stranger,Pn23E1
RT,Odd-Even,0.86364,Stranger,Pn23E1
RT,Permuted,0.85576,Stranger,Pn23E1
ACC,First-Second,0.72519,Stranger,Pn23E1
ACC,Odd-Even,0.75319,Stranger,Pn23E1
ACC,Permuted,0.72278,Stranger,Pn23E1
Dprime,First-Second,0.49665,Stranger,Pn23E1
Dprime,Odd-Even,0.59364,Stranger,Pn23E1
Dprime,Permuted,0.4838,Stranger,Pn23E1
Efficiency,First-Second,0.17755,Stranger,Pn23E1
Efficiency,Odd-Even,0.24921,Stranger,Pn23E1
Efficiency,Permuted,0.24411,Stranger,Pn23E1
ezDDM: v,First-Second,0.72384,Stranger,Pn23E1
ezDDM: v,Odd-Even,0.71186,Stranger,Pn23E1
ezDDM: v,Permuted,0.71141,Stranger,Pn23E1
ezDDM: z,First-Second,0.16259,Stranger,Pn23E1
ezDDM: z,Odd-Even,0.39524,Stranger,Pn23E1
ezDDM: z,Permuted,0.32123,Stranger,Pn23E1
RT,First-Second,0.15369,Stranger,Ps1E1
RT,Odd-Even,0.05205,Stranger,Ps1E1
RT,Permuted,0.01489,Stranger,Ps1E1
ACC,First-Second,0.16871,Stranger,Ps1E1
ACC,Odd-Even,0.17095,Stranger,Ps1E1
ACC,Permuted,0.25447,Stranger,Ps1E1
Dprime,First-Second,0.17972,Stranger,Ps1E1
Dprime,Odd-Even,0.3012,Stranger,Ps1E1
Dprime,Permuted,0.22282,Stranger,Ps1E1
Efficiency,First-Second,0.13761,Stranger,Ps1E1
Efficiency,Odd-Even,0.19644,Stranger,Ps1E1
Efficiency,Permuted,0.11285,Stranger,Ps1E1
ezDDM: v,First-Second,0.12955,Stranger,Ps1E1
ezDDM: v,Odd-Even,0.105,Stranger,Ps1E1
ezDDM: v,Permuted,0.15679,Stranger,Ps1E1
ezDDM: z,First-Second,0.09333,Stranger,Ps1E1
ezDDM: z,Odd-Even,0.17581,Stranger,Ps1E1
ezDDM: z,Permuted,0.17404,Stranger,Ps1E1
